-- phpMyAdmin SQL Dump
-- version 4.9.0.1
-- https://www.phpmyadmin.net/
--
-- Host: 127.0.0.1
-- Generation Time: Sep 23, 2019 at 10:51 AM
-- Server version: 10.4.6-MariaDB
-- PHP Version: 7.3.9

SET SQL_MODE = "NO_AUTO_VALUE_ON_ZERO";
SET AUTOCOMMIT = 0;
START TRANSACTION;
SET time_zone = "+00:00";


/*!40101 SET @OLD_CHARACTER_SET_CLIENT=@@CHARACTER_SET_CLIENT */;
/*!40101 SET @OLD_CHARACTER_SET_RESULTS=@@CHARACTER_SET_RESULTS */;
/*!40101 SET @OLD_COLLATION_CONNECTION=@@COLLATION_CONNECTION */;
/*!40101 SET NAMES utf8mb4 */;

--
-- Database: `pharmacy1`
--

-- --------------------------------------------------------

--
-- Table structure for table `admin`
--

CREATE TABLE `admin` (
  `id` int(11) NOT NULL,
  `name` varchar(200) NOT NULL,
  `email` varchar(200) NOT NULL,
  `password` varchar(200) NOT NULL,
  `added_on` varchar(200) NOT NULL
) ENGINE=InnoDB DEFAULT CHARSET=latin1;

--
-- Dumping data for table `admin`
--

INSERT INTO `admin` (`id`, `name`, `email`, `password`, `added_on`) VALUES
(1, 'Dollarstir', 'dollar@gmail.com', 'king1234', '09/21/2019'),
(2, 'King Ping', 'king@gmail.com', 'king1234', '09/21/2019');

-- --------------------------------------------------------

--
-- Table structure for table `category`
--

CREATE TABLE `category` (
  `id` int(11) NOT NULL,
  `name` varchar(200) NOT NULL,
  `shortname` varchar(200) NOT NULL,
  `added_on` varchar(200) NOT NULL
) ENGINE=InnoDB DEFAULT CHARSET=latin1;

--
-- Dumping data for table `category`
--

INSERT INTO `category` (`id`, `name`, `shortname`, `added_on`) VALUES
(1, 'Inflamation', 'Infla', '09/20/2019'),
(2, 'Cancer', 'Cn', '09/20/2019'),
(3, 'Pain Killer', 'PK', '09/21/2019'),
(4, 'Stomach Ulcer', 'Sulc', '09/22/2019');

-- --------------------------------------------------------

--
-- Table structure for table `currency`
--

CREATE TABLE `currency` (
  `id` int(11) NOT NULL,
  `currency_name` varchar(200) NOT NULL,
  `symbol` varchar(200) NOT NULL
) ENGINE=InnoDB DEFAULT CHARSET=latin1;

--
-- Dumping data for table `currency`
--

INSERT INTO `currency` (`id`, `currency_name`, `symbol`) VALUES
(1, 'Ghana cedis', '¢');

-- --------------------------------------------------------

--
-- Table structure for table `customers`
--

CREATE TABLE `customers` (
  `id` int(50) NOT NULL,
  `name` varchar(100) NOT NULL,
  `address` varchar(200) NOT NULL,
  `telephone` varchar(200) NOT NULL,
  `fax` varchar(200) NOT NULL,
  `added_date` varchar(200) NOT NULL
) ENGINE=InnoDB DEFAULT CHARSET=latin1;

--
-- Dumping data for table `customers`
--

INSERT INTO `customers` (`id`, `name`, `address`, `telephone`, `fax`, `added_date`) VALUES
(2, 'King Dollar', 'Dansoman', '0556676471', '0556734434', '09/21/2019'),
(3, 'Bismark Ansah', 'Dansoman', '0556676471', '0556734434', '09/21/2019');

-- --------------------------------------------------------

--
-- Table structure for table `drugs`
--

CREATE TABLE `drugs` (
  `id` int(11) NOT NULL,
  `bname` varchar(200) NOT NULL,
  `gname` varchar(200) NOT NULL,
  `spname` varchar(200) NOT NULL,
  `category` varchar(200) NOT NULL,
  `price` varchar(200) NOT NULL,
  `remaining` int(11) NOT NULL,
  `quantity` int(11) NOT NULL,
  `date_added` varchar(200) NOT NULL,
  `date_updated` varchar(200) NOT NULL,
  `expire` varchar(200) NOT NULL
) ENGINE=InnoDB DEFAULT CHARSET=latin1;

--
-- Dumping data for table `drugs`
--

INSERT INTO `drugs` (`id`, `bname`, `gname`, `spname`, `category`, `price`, `remaining`, `quantity`, `date_added`, `date_updated`, `expire`) VALUES
(3, 'Lamal', 'Lamadol', '4', '1', '1.5', 67, 100, '09/22/2019', '09/22/2019', '2020-09-04'),
(4, 'Paracetamol', 'Paracet', '4', '3', '1.5', 1, 100, '09/22/2019', '09/22/2019', '2020-01-15');

-- --------------------------------------------------------

--
-- Table structure for table `groups`
--

CREATE TABLE `groups` (
  `id` mediumint(8) UNSIGNED NOT NULL,
  `name` varchar(20) NOT NULL,
  `description` varchar(100) NOT NULL,
  `created_at` timestamp NULL DEFAULT current_timestamp(),
  `delete_status` tinyint(4) DEFAULT 0,
  `delete_date` date DEFAULT NULL
) ENGINE=InnoDB DEFAULT CHARSET=utf8;

--
-- Dumping data for table `groups`
--

INSERT INTO `groups` (`id`, `name`, `description`, `created_at`, `delete_status`, `delete_date`) VALUES
(1, 'admin', 'admin', '2017-06-06 11:23:04', 0, NULL),
(2, 'role 1', 'role 1', '2019-04-08 10:51:05', 0, NULL),
(3, 'role2', 'role2', '2019-04-08 10:52:00', 0, NULL),
(4, 'role 3', 'role 3', '2019-04-08 10:54:18', 0, NULL);

-- --------------------------------------------------------

--
-- Table structure for table `medicine_category`
--

CREATE TABLE `medicine_category` (
  `id` int(50) NOT NULL,
  `name` varchar(200) NOT NULL,
  `short_name` varchar(15) NOT NULL,
  `added_date` date NOT NULL,
  `delete_status` tinyint(4) NOT NULL
) ENGINE=InnoDB DEFAULT CHARSET=latin1;

--
-- Dumping data for table `medicine_category`
--

INSERT INTO `medicine_category` (`id`, `name`, `short_name`, `added_date`, `delete_status`) VALUES
(1, 'Phytopathology', 'Phyto', '0000-00-00', 0),
(2, 'Injuries', 'Injuries', '0000-00-00', 0),
(3, 'Cancer', 'Cancer', '0000-00-00', 0),
(4, 'Animal diseases', 'AD', '0000-00-00', 0),
(5, 'Growth disorders', 'GD', '0000-00-00', 0),
(6, 'Rare diseases', 'RD', '0000-00-00', 0),
(7, 'Neoplasms', 'Neo', '0000-00-00', 0),
(8, 'Inflammations', 'Inflam', '0000-00-00', 0),
(9, 'Sleep disorders', 'SD', '0000-00-00', 0),
(11, 'Infectious diseases', 'ID', '2019-04-02', 0),
(12, 'sdfsdfsdf', 'sdf', '2019-04-02', 0),
(13, 'cvnvcnvncvncvn', 'cnv', '2019-04-02', 0),
(14, 'fghjgjhfgjh', 'fgh', '2019-04-02', 0),
(15, 'Category 14', 'Cat 14', '2019-04-05', 0);

-- --------------------------------------------------------

--
-- Table structure for table `modal`
--

CREATE TABLE `modal` (
  `id` int(5) NOT NULL,
  `header` varchar(100) NOT NULL,
  `title` varchar(100) NOT NULL,
  `description` text NOT NULL
) ENGINE=InnoDB DEFAULT CHARSET=latin1;

--
-- Dumping data for table `modal`
--

INSERT INTO `modal` (`id`, `header`, `title`, `description`) VALUES
(1, 'Modal Header Title', 'Hello, this is version 2.0 and I am still working on this.\r\n', 'Please don\'t forget to give credit to original developer because I really worked hard to develop this project and please don\'t forget to like and share it if you found it useful :) For students or anyone else who needs program or source code for thesis writing or any Professional Software Development,Website Development,Mobile Apps Development at affordable cost contact me at Email : mayuri.infospace@gmail.com');

-- --------------------------------------------------------

--
-- Table structure for table `permissions`
--

CREATE TABLE `permissions` (
  `id` int(10) UNSIGNED NOT NULL,
  `name` varchar(255) COLLATE utf8_unicode_ci NOT NULL,
  `display_name` varchar(255) COLLATE utf8_unicode_ci DEFAULT NULL,
  `description` varchar(255) COLLATE utf8_unicode_ci DEFAULT NULL,
  `role_name` varchar(100) COLLATE utf8_unicode_ci DEFAULT NULL
) ENGINE=InnoDB DEFAULT CHARSET=utf8 COLLATE=utf8_unicode_ci;

--
-- Dumping data for table `permissions`
--

INSERT INTO `permissions` (`id`, `name`, `display_name`, `description`, `role_name`) VALUES
(1, 'manage_medicinals', 'Manage Medicinals', 'Manage Medicinals', NULL),
(2, 'manage_pos', 'Manage POS', 'Manage POS', NULL),
(3, 'manage_roles', 'Manage User Roles', 'Manage User Roles', NULL),
(4, 'manage_users', 'Manage Users', 'Manage Users', NULL),
(5, 'manage_sales', 'Manage Sales', 'Manage Sales', NULL),
(6, 'manage_categories', 'Manage Categories', 'Manage Categories', NULL),
(7, 'manage_suppliers', 'Manage Suppliers', 'Manage Suppliers', NULL),
(8, 'manage_customers', 'Manage Customers', 'Manage Customers', NULL),
(9, 'manage_reports', 'Manage Reports', 'Manage Reports', NULL);

-- --------------------------------------------------------

--
-- Table structure for table `permission_role`
--

CREATE TABLE `permission_role` (
  `id` int(11) NOT NULL,
  `permission_id` int(11) NOT NULL,
  `role_id` int(11) NOT NULL
) ENGINE=InnoDB DEFAULT CHARSET=latin1;

--
-- Dumping data for table `permission_role`
--

INSERT INTO `permission_role` (`id`, `permission_id`, `role_id`) VALUES
(1, 1, 1),
(2, 2, 1),
(3, 3, 1),
(4, 4, 1),
(7, 5, 1),
(8, 6, 1),
(9, 7, 1),
(10, 8, 1),
(11, 9, 1),
(16, 6, 3),
(17, 7, 3),
(18, 3, 4),
(19, 4, 4),
(20, 8, 4),
(21, 9, 2);

-- --------------------------------------------------------

--
-- Table structure for table `purchased`
--

CREATE TABLE `purchased` (
  `id` int(11) NOT NULL,
  `bname` varchar(200) NOT NULL,
  `gname` varchar(200) NOT NULL,
  `spname` varchar(200) NOT NULL,
  `category` varchar(200) NOT NULL,
  `price` varchar(200) NOT NULL,
  `remaining` int(11) NOT NULL,
  `quantity` int(11) NOT NULL,
  `date_added` varchar(200) NOT NULL,
  `date_updated` varchar(200) NOT NULL,
  `expire` varchar(200) NOT NULL
) ENGINE=InnoDB DEFAULT CHARSET=latin1;

--
-- Dumping data for table `purchased`
--

INSERT INTO `purchased` (`id`, `bname`, `gname`, `spname`, `category`, `price`, `remaining`, `quantity`, `date_added`, `date_updated`, `expire`) VALUES
(3, 'Paracetamol', 'Paracet', 'Dollarstir', 'Pain Killer', '1', 200, 200, '09/21/2019', '09/22/2019', '2020-01-25');

-- --------------------------------------------------------

--
-- Table structure for table `sales`
--

CREATE TABLE `sales` (
  `id` int(11) NOT NULL,
  `salesreportID` varchar(200) NOT NULL,
  `product_name` varchar(200) NOT NULL,
  `totalprice` varchar(200) DEFAULT NULL,
  `quantity` varchar(200) NOT NULL,
  `date_added` varchar(200) NOT NULL
) ENGINE=InnoDB DEFAULT CHARSET=latin1;

--
-- Dumping data for table `sales`
--

INSERT INTO `sales` (`id`, `salesreportID`, `product_name`, `totalprice`, `quantity`, `date_added`) VALUES
(1, '1', '3', '3', '2', '2019-09-23'),
(2, '1', '4', '15', '10', '2019-09-23');

-- --------------------------------------------------------

--
-- Table structure for table `sales_report`
--

CREATE TABLE `sales_report` (
  `id` int(200) NOT NULL,
  `invoice` varchar(200) DEFAULT NULL,
  `Cname` varchar(200) NOT NULL,
  `gt` varchar(200) NOT NULL,
  `pa` varchar(200) NOT NULL,
  `balance` varchar(200) NOT NULL,
  `date_added` varchar(200) NOT NULL
) ENGINE=InnoDB DEFAULT CHARSET=latin1;

--
-- Dumping data for table `sales_report`
--

INSERT INTO `sales_report` (`id`, `invoice`, `Cname`, `gt`, `pa`, `balance`, `date_added`) VALUES
(1, '#HID5d8882d0cc04a', '2', '18', '10', '8', '2019-09-23');

-- --------------------------------------------------------

--
-- Table structure for table `settings`
--

CREATE TABLE `settings` (
  `id` int(2) NOT NULL,
  `fevicon` varchar(100) NOT NULL,
  `logo` varchar(100) NOT NULL,
  `title` varchar(300) NOT NULL,
  `login_image` varchar(100) NOT NULL,
  `footer` varchar(300) NOT NULL,
  `currency` varchar(50) NOT NULL
) ENGINE=InnoDB DEFAULT CHARSET=latin1;

--
-- Dumping data for table `settings`
--

INSERT INTO `settings` (`id`, `fevicon`, `logo`, `title`, `login_image`, `footer`, `currency`) VALUES
(1, 'fevicon-179.png', 'logo-597.png', 'Pharmacy', 'login_image-324.png', 'Footer', 'Rs.');

-- --------------------------------------------------------

--
-- Table structure for table `suppliers`
--

CREATE TABLE `suppliers` (
  `id` int(50) NOT NULL,
  `name` varchar(100) NOT NULL,
  `address` varchar(200) NOT NULL,
  `telephone` varchar(200) NOT NULL,
  `fax` varchar(200) NOT NULL,
  `added_date` varchar(200) NOT NULL
) ENGINE=InnoDB DEFAULT CHARSET=latin1;

--
-- Dumping data for table `suppliers`
--

INSERT INTO `suppliers` (`id`, `name`, `address`, `telephone`, `fax`, `added_date`) VALUES
(3, 'Bismark Ansah', 'Dansoman', '0556676471', '0556734434', '09/21/2019'),
(4, 'Dollarstir', 'Dansoman', '055454545', '445455455', '09/22/2019'),
(5, 'Kofi Nimo ', 'Obuasi', '556676472', '556676476', '09/21/2019'),
(6, 'Desmond Kofi Danso', 'Kaneshi', '0233445566', '0233445566', '09/22/2019');

-- --------------------------------------------------------

--
-- Table structure for table `tbl_admin`
--

CREATE TABLE `tbl_admin` (
  `id` int(100) NOT NULL,
  `name` varchar(200) NOT NULL,
  `email` varchar(255) NOT NULL,
  `login` varchar(255) NOT NULL,
  `role` varchar(255) NOT NULL DEFAULT 'admin',
  `avator` varchar(255) DEFAULT NULL,
  `group_id` int(50) NOT NULL,
  `delete_status` tinyint(4) NOT NULL
) ENGINE=MyISAM DEFAULT CHARSET=latin1;

--
-- Dumping data for table `tbl_admin`
--

INSERT INTO `tbl_admin` (`id`, `name`, `email`, `login`, `role`, `avator`, `group_id`, `delete_status`) VALUES
(1, 'Administrator', 'admin@admin.com', 'admin', 'admin', '70520.png', 1, 0),
(3, '', 'user@gmail.com', '$2y$10$eqnU/hsNjq3M7h3TvFfwYOKIP/6jHmzBLEFiHyhMaKjf4X3HenLWa', 'admin', NULL, 3, 0);

-- --------------------------------------------------------

--
-- Table structure for table `tbl_alerts`
--

CREATE TABLE `tbl_alerts` (
  `id` int(255) NOT NULL,
  `code` varchar(255) NOT NULL,
  `description` varchar(255) NOT NULL,
  `type` varchar(255) NOT NULL
) ENGINE=MyISAM DEFAULT CHARSET=latin1;

--
-- Dumping data for table `tbl_alerts`
--

INSERT INTO `tbl_alerts` (`id`, `code`, `description`, `type`) VALUES
(1, '001', 'Invalid email or password', 'warning'),
(2, '002', 'Settings are updated', 'success'),
(3, '003', 'Record Added Successfully', 'success'),
(4, '004', 'Record Successfully Updated', 'success'),
(5, '005', 'Record Sudccessfully Deleted', 'success');

-- --------------------------------------------------------

--
-- Table structure for table `title`
--

CREATE TABLE `title` (
  `id` int(11) NOT NULL,
  `app_name` text NOT NULL
) ENGINE=InnoDB DEFAULT CHARSET=latin1;

--
-- Dumping data for table `title`
--

INSERT INTO `title` (`id`, `app_name`) VALUES
(1, 'Josh POS');

-- --------------------------------------------------------

--
-- Table structure for table `user`
--

CREATE TABLE `user` (
  `id` int(11) NOT NULL,
  `name` varchar(200) NOT NULL,
  `email` varchar(200) NOT NULL,
  `password` varchar(200) NOT NULL,
  `added_on` varchar(200) NOT NULL
) ENGINE=InnoDB DEFAULT CHARSET=latin1;

--
-- Dumping data for table `user`
--

INSERT INTO `user` (`id`, `name`, `email`, `password`, `added_on`) VALUES
(1, 'Dollarstir', 'dollar@gmail.com', 'king1234', '09/21/2019');

--
-- Indexes for dumped tables
--

--
-- Indexes for table `admin`
--
ALTER TABLE `admin`
  ADD PRIMARY KEY (`id`);

--
-- Indexes for table `category`
--
ALTER TABLE `category`
  ADD PRIMARY KEY (`id`);

--
-- Indexes for table `currency`
--
ALTER TABLE `currency`
  ADD PRIMARY KEY (`id`);

--
-- Indexes for table `customers`
--
ALTER TABLE `customers`
  ADD PRIMARY KEY (`id`);

--
-- Indexes for table `drugs`
--
ALTER TABLE `drugs`
  ADD PRIMARY KEY (`id`);

--
-- Indexes for table `groups`
--
ALTER TABLE `groups`
  ADD PRIMARY KEY (`id`);

--
-- Indexes for table `medicine_category`
--
ALTER TABLE `medicine_category`
  ADD PRIMARY KEY (`id`);

--
-- Indexes for table `modal`
--
ALTER TABLE `modal`
  ADD PRIMARY KEY (`id`);

--
-- Indexes for table `permissions`
--
ALTER TABLE `permissions`
  ADD PRIMARY KEY (`id`),
  ADD UNIQUE KEY `permissions_name_unique` (`name`);

--
-- Indexes for table `permission_role`
--
ALTER TABLE `permission_role`
  ADD PRIMARY KEY (`id`);

--
-- Indexes for table `purchased`
--
ALTER TABLE `purchased`
  ADD PRIMARY KEY (`id`);

--
-- Indexes for table `sales`
--
ALTER TABLE `sales`
  ADD PRIMARY KEY (`id`);

--
-- Indexes for table `sales_report`
--
ALTER TABLE `sales_report`
  ADD PRIMARY KEY (`id`);

--
-- Indexes for table `settings`
--
ALTER TABLE `settings`
  ADD PRIMARY KEY (`id`);

--
-- Indexes for table `suppliers`
--
ALTER TABLE `suppliers`
  ADD PRIMARY KEY (`id`);

--
-- Indexes for table `tbl_admin`
--
ALTER TABLE `tbl_admin`
  ADD PRIMARY KEY (`id`),
  ADD UNIQUE KEY `email` (`email`);

--
-- Indexes for table `tbl_alerts`
--
ALTER TABLE `tbl_alerts`
  ADD PRIMARY KEY (`id`);

--
-- Indexes for table `title`
--
ALTER TABLE `title`
  ADD PRIMARY KEY (`id`);

--
-- Indexes for table `user`
--
ALTER TABLE `user`
  ADD PRIMARY KEY (`id`);

--
-- AUTO_INCREMENT for dumped tables
--

--
-- AUTO_INCREMENT for table `admin`
--
ALTER TABLE `admin`
  MODIFY `id` int(11) NOT NULL AUTO_INCREMENT, AUTO_INCREMENT=3;

--
-- AUTO_INCREMENT for table `category`
--
ALTER TABLE `category`
  MODIFY `id` int(11) NOT NULL AUTO_INCREMENT, AUTO_INCREMENT=5;

--
-- AUTO_INCREMENT for table `currency`
--
ALTER TABLE `currency`
  MODIFY `id` int(11) NOT NULL AUTO_INCREMENT, AUTO_INCREMENT=2;

--
-- AUTO_INCREMENT for table `customers`
--
ALTER TABLE `customers`
  MODIFY `id` int(50) NOT NULL AUTO_INCREMENT, AUTO_INCREMENT=4;

--
-- AUTO_INCREMENT for table `drugs`
--
ALTER TABLE `drugs`
  MODIFY `id` int(11) NOT NULL AUTO_INCREMENT, AUTO_INCREMENT=5;

--
-- AUTO_INCREMENT for table `groups`
--
ALTER TABLE `groups`
  MODIFY `id` mediumint(8) UNSIGNED NOT NULL AUTO_INCREMENT, AUTO_INCREMENT=5;

--
-- AUTO_INCREMENT for table `medicine_category`
--
ALTER TABLE `medicine_category`
  MODIFY `id` int(50) NOT NULL AUTO_INCREMENT, AUTO_INCREMENT=16;

--
-- AUTO_INCREMENT for table `modal`
--
ALTER TABLE `modal`
  MODIFY `id` int(5) NOT NULL AUTO_INCREMENT, AUTO_INCREMENT=2;

--
-- AUTO_INCREMENT for table `permissions`
--
ALTER TABLE `permissions`
  MODIFY `id` int(10) UNSIGNED NOT NULL AUTO_INCREMENT, AUTO_INCREMENT=10;

--
-- AUTO_INCREMENT for table `permission_role`
--
ALTER TABLE `permission_role`
  MODIFY `id` int(11) NOT NULL AUTO_INCREMENT, AUTO_INCREMENT=22;

--
-- AUTO_INCREMENT for table `purchased`
--
ALTER TABLE `purchased`
  MODIFY `id` int(11) NOT NULL AUTO_INCREMENT, AUTO_INCREMENT=4;

--
-- AUTO_INCREMENT for table `sales`
--
ALTER TABLE `sales`
  MODIFY `id` int(11) NOT NULL AUTO_INCREMENT, AUTO_INCREMENT=3;

--
-- AUTO_INCREMENT for table `sales_report`
--
ALTER TABLE `sales_report`
  MODIFY `id` int(200) NOT NULL AUTO_INCREMENT, AUTO_INCREMENT=2;

--
-- AUTO_INCREMENT for table `settings`
--
ALTER TABLE `settings`
  MODIFY `id` int(2) NOT NULL AUTO_INCREMENT, AUTO_INCREMENT=2;

--
-- AUTO_INCREMENT for table `suppliers`
--
ALTER TABLE `suppliers`
  MODIFY `id` int(50) NOT NULL AUTO_INCREMENT, AUTO_INCREMENT=7;

--
-- AUTO_INCREMENT for table `tbl_admin`
--
ALTER TABLE `tbl_admin`
  MODIFY `id` int(100) NOT NULL AUTO_INCREMENT, AUTO_INCREMENT=4;

--
-- AUTO_INCREMENT for table `tbl_alerts`
--
ALTER TABLE `tbl_alerts`
  MODIFY `id` int(255) NOT NULL AUTO_INCREMENT, AUTO_INCREMENT=37;

--
-- AUTO_INCREMENT for table `title`
--
ALTER TABLE `title`
  MODIFY `id` int(11) NOT NULL AUTO_INCREMENT, AUTO_INCREMENT=2;

--
-- AUTO_INCREMENT for table `user`
--
ALTER TABLE `user`
  MODIFY `id` int(11) NOT NULL AUTO_INCREMENT, AUTO_INCREMENT=2;
COMMIT;

/*!40101 SET CHARACTER_SET_CLIENT=@OLD_CHARACTER_SET_CLIENT */;
/*!40101 SET CHARACTER_SET_RESULTS=@OLD_CHARACTER_SET_RESULTS */;
/*!40101 SET COLLATION_CONNECTION=@OLD_COLLATION_CONNECTION */;
